pipeline_type,pipeline_name,config,run_id,auc,accuracy,final_train_loss,best_val_loss,epochs_trained,noise_type,noise_level
P1,p1_classical_dropout_0.0,dropout_0.0,1,0.872029958677686,77.27272727272727,0.5398883493473896,0.4695668025658681,15,,
P1,p1_classical_dropout_0.0,dropout_0.0,10,0.8672520661157026,80.68181818181817,0.5544201025596032,0.47467055229040295,7,,
P1,p1_classical_dropout_0.0,dropout_0.0,2,0.8666064049586776,73.86363636363636,0.5773929782784902,0.4672171318760285,11,,
P1,p1_classical_dropout_0.0,dropout_0.0,3,0.8790030991735537,77.27272727272727,0.562522032398444,0.47499953095729536,10,,
P1,p1_classical_dropout_0.0,dropout_0.0,4,0.8713842975206612,77.8409090909091,0.527466774559938,0.460894919358767,19,,
P1,p1_classical_dropout_0.0,dropout_0.0,5,0.8698347107438016,69.31818181818183,0.55202689824196,0.46304017763871413,14,,
P1,p1_classical_dropout_0.0,dropout_0.0,6,0.8861053719008264,81.81818181818183,0.5546232767976247,0.4484676535312946,21,,
P1,p1_classical_dropout_0.0,dropout_0.0,7,0.8757747933884298,80.68181818181817,0.551628263352009,0.4722994898374264,14,,
P1,p1_classical_dropout_0.0,dropout_0.0,8,0.8698347107438017,78.4090909090909,0.5539530678437307,0.4873438592140491,13,,
P1,p1_classical_dropout_0.0,dropout_0.0,9,0.8717716942148762,80.11363636363636,0.5638213464846977,0.48945256150685823,11,,
P1,p1_classical_dropout_0.1,dropout_0.1,1,0.8664772727272727,76.70454545454545,0.5442389912330188,0.4807785084614387,15,,
P1,p1_classical_dropout_0.1,dropout_0.1,10,0.8575671487603306,80.68181818181817,0.5494867223959703,0.461026220367505,15,,
P1,p1_classical_dropout_0.1,dropout_0.1,2,0.8782283057851239,73.29545454545455,0.561280467074651,0.4757240701180238,10,,
P1,p1_classical_dropout_0.1,dropout_0.1,3,0.8722882231404958,77.27272727272727,0.5656372322485997,0.48966583838829625,10,,
P1,p1_classical_dropout_0.1,dropout_0.1,4,0.8702221074380165,80.68181818181817,0.5652583351502052,0.45428899045173937,23,,
P1,p1_classical_dropout_0.1,dropout_0.1,5,0.8596332644628099,80.68181818181817,0.5389577601391535,0.47483620506066543,12,,
P1,p1_classical_dropout_0.1,dropout_0.1,6,0.8647985537190083,80.11363636363636,0.5671411787088101,0.48712669427578265,10,,
P1,p1_classical_dropout_0.1,dropout_0.1,7,0.8726756198347108,76.13636363636364,0.5654792179281894,0.468295714029899,14,,
P1,p1_classical_dropout_0.1,dropout_0.1,8,0.8708677685950413,78.4090909090909,0.5493132854883488,0.5136210173368454,9,,
P1,p1_classical_dropout_0.1,dropout_0.1,9,0.8827479338842975,79.54545454545455,0.5413131513274633,0.4655493979270642,21,,
P1,p1_classical_dropout_0.2,dropout_0.2,1,0.8662190082644627,74.43181818181817,0.5461525452824739,0.474108215707999,17,,
P1,p1_classical_dropout_0.2,dropout_0.2,10,0.8819731404958678,78.4090909090909,0.5785769085471447,0.46155162900686264,19,,
P1,p1_classical_dropout_0.2,dropout_0.2,2,0.8733212809917356,81.25,0.5927846981928899,0.4826188672047395,17,,
P1,p1_classical_dropout_0.2,dropout_0.2,3,0.8575671487603306,81.81818181818183,0.556257320367373,0.4751102752410449,19,,
P1,p1_classical_dropout_0.2,dropout_0.2,4,0.8689307851239669,77.8409090909091,0.5843504189298703,0.4859546892918073,11,,
P1,p1_classical_dropout_0.2,dropout_0.2,5,0.8734504132231405,75.56818181818183,0.5769493360932056,0.5003052319471653,10,,
P1,p1_classical_dropout_0.2,dropout_0.2,6,0.8747417355371901,78.4090909090909,0.5619674248191027,0.47680699481413913,24,,
P1,p1_classical_dropout_0.2,dropout_0.2,7,0.8713842975206612,76.13636363636364,0.5238592260158978,0.48305367277218747,14,,
P1,p1_classical_dropout_0.2,dropout_0.2,8,0.8721590909090908,78.97727272727273,0.5801693150630364,0.5028040133989774,10,,
P1,p1_classical_dropout_0.2,dropout_0.2,9,0.8588584710743802,79.54545454545455,0.6046652842026491,0.49046544157541716,10,,
P1,p1_classical_dropout_0.3,dropout_0.3,1,0.8729338842975207,74.43181818181817,0.5575004942142047,0.5131134597154764,10,,
P1,p1_classical_dropout_0.3,dropout_0.3,10,0.8735795454545455,77.8409090909091,0.5871477415928474,0.5118409257668716,7,,
P1,p1_classical_dropout_0.3,dropout_0.3,2,0.8698347107438016,78.4090909090909,0.537454709238731,0.470550286082121,19,,
P1,p1_classical_dropout_0.3,dropout_0.3,3,0.8740960743801653,80.11363636363636,0.567168824088115,0.4719702899456024,11,,
P1,p1_classical_dropout_0.3,dropout_0.3,4,0.8731921487603306,81.81818181818183,0.5795549696454635,0.4810635562126453,7,,
P1,p1_classical_dropout_0.3,dropout_0.3,5,0.8668646694214877,80.68181818181817,0.5853954383960137,0.4781370506836818,9,,
P1,p1_classical_dropout_0.3,dropout_0.3,6,0.8842975206611571,79.54545454545455,0.570614742888854,0.46324889132609737,18,,
P1,p1_classical_dropout_0.3,dropout_0.3,7,0.868801652892562,81.81818181818183,0.5910295023367955,0.49764431439913237,11,,
P1,p1_classical_dropout_0.3,dropout_0.3,8,0.872029958677686,81.81818181818183,0.5820492483102359,0.4806084953821622,8,,
P1,p1_classical_dropout_0.3,dropout_0.3,9,0.8641528925619836,73.86363636363636,0.5612938964596161,0.5024200013050666,10,,
P1,p1_classical_dropout_0.4,dropout_0.4,1,0.8809400826446282,78.4090909090909,0.5746681188161556,0.49066640322025007,7,,
P1,p1_classical_dropout_0.4,dropout_0.4,10,0.8764204545454546,79.54545454545455,0.587285044330817,0.4618520117723025,17,,
P1,p1_classical_dropout_0.4,dropout_0.4,2,0.8676394628099174,80.68181818181817,0.5732576064192332,0.4886759129854349,10,,
P1,p1_classical_dropout_0.4,dropout_0.4,3,0.8682851239669421,82.38636363636364,0.5655662083855042,0.49209118347901565,19,,
P1,p1_classical_dropout_0.4,dropout_0.4,4,0.8730630165289257,80.11363636363636,0.5715166727510782,0.48403855699759263,13,,
P1,p1_classical_dropout_0.4,dropout_0.4,5,0.8707386363636364,82.38636363636364,0.5999180681430376,0.5014674365520477,16,,
P1,p1_classical_dropout_0.4,dropout_0.4,6,0.8657024793388429,76.13636363636364,0.5606548778139628,0.48923877569345325,12,,
P1,p1_classical_dropout_0.4,dropout_0.4,7,0.8556301652892562,81.81818181818183,0.59597197920084,0.504291853079429,8,,
P1,p1_classical_dropout_0.4,dropout_0.4,8,0.8635072314049587,81.25,0.5806097824986164,0.47340651888113755,14,,
P1,p1_classical_dropout_0.4,dropout_0.4,9,0.8668646694214875,77.8409090909091,0.5756082082023988,0.4755118569502464,14,,
P1,p1_classical_dropout_0.5,dropout_0.5,1,0.868801652892562,78.4090909090909,0.5911055986697857,0.4993664072110103,9,,
P1,p1_classical_dropout_0.5,dropout_0.5,10,0.8814566115702479,80.68181818181817,0.5910483542543191,0.4958305416198877,13,,
P1,p1_classical_dropout_0.5,dropout_0.5,2,0.8693181818181818,76.13636363636364,0.6174157494535812,0.4998141871048854,10,,
P1,p1_classical_dropout_0.5,dropout_0.5,3,0.8637654958677686,72.72727272727273,0.5976259027536098,0.5143140898301051,10,,
P1,p1_classical_dropout_0.5,dropout_0.5,4,0.8738378099173554,82.38636363636364,0.5618739795226317,0.4873944498025454,10,,
P1,p1_classical_dropout_0.5,dropout_0.5,5,0.8721590909090908,78.97727272727273,0.5948096110270573,0.497970856153048,10,,
P1,p1_classical_dropout_0.5,dropout_0.5,6,0.8646694214876033,81.81818181818183,0.6190949958104354,0.4760524103274712,8,,
P1,p1_classical_dropout_0.5,dropout_0.5,7,0.8646694214876033,77.27272727272727,0.6005325631453441,0.52048315680944,9,,
P1,p1_classical_dropout_0.5,dropout_0.5,8,0.8835227272727274,81.25,0.585517522578056,0.459322357406983,12,,
P1,p1_classical_dropout_0.5,dropout_0.5,9,0.8684142561983471,77.8409090909091,0.5874252432814011,0.48624675090496355,8,,
P1,p1_classical_dropout_0.9,dropout_0.9,1,0.8231534090909092,72.72727272727273,0.7051035298750951,0.6746644102610074,8,,
P1,p1_classical_dropout_0.9,dropout_0.9,10,0.8290289256198348,69.88636363636364,0.6938847138331486,0.6651319861412048,12,,
P1,p1_classical_dropout_0.9,dropout_0.9,2,0.8590521694214877,69.88636363636364,0.691131146137531,0.673823031095358,7,,
P1,p1_classical_dropout_0.9,dropout_0.9,3,0.8323217975206613,50.0,0.7052765908149573,0.6683277808702909,9,,
P1,p1_classical_dropout_0.9,dropout_0.9,4,0.8507231404958677,53.97727272727273,0.6955448334033673,0.6628940747334406,6,,
P1,p1_classical_dropout_0.9,dropout_0.9,5,0.825154958677686,81.81818181818183,0.6895523859904362,0.656588627741887,13,,
P1,p1_classical_dropout_0.9,dropout_0.9,6,0.8681559917355373,80.68181818181817,0.6830983487459329,0.6456598456089313,11,,
P1,p1_classical_dropout_0.9,dropout_0.9,7,0.8518853305785123,66.47727272727273,0.6912147377546017,0.643500240949484,6,,
P1,p1_classical_dropout_0.9,dropout_0.9,8,0.810756714876033,76.70454545454545,0.685655094568546,0.6361926610653217,12,,
P1,p1_classical_dropout_0.9,dropout_0.9,9,0.8424586776859504,81.81818181818183,0.6853679253504826,0.6631945738425622,10,,
P2a,p2a_probabilities,probabilities,1,0.84400826446281,50.0,0.6906498024096855,0.6824573461826031,8,,
P2a,p2a_probabilities,probabilities,10,0.8545971074380166,50.0,0.6895881932515364,0.6854503154754639,15,,
P2a,p2a_probabilities,probabilities,2,0.8427169421487604,50.56818181818182,0.6758303243380327,0.6636070517393259,12,,
P2a,p2a_probabilities,probabilities,3,0.7264979338842975,68.75,0.6779720870348124,0.6674122030918415,8,,
P2a,p2a_probabilities,probabilities,4,0.8082386363636364,59.09090909090909,0.682733065348405,0.6478208945347712,9,,
P2a,p2a_probabilities,probabilities,5,0.7763429752066116,67.04545454545455,0.6901032709158383,0.6394384640913743,12,,
P2a,p2a_probabilities,probabilities,6,0.7487086776859504,62.5,0.6932063863827632,0.6904602921926059,6,,
P2a,p2a_probabilities,probabilities,7,0.853564049586777,50.0,0.6902116124446576,0.6869653692612281,10,,
P2a,p2a_probabilities,probabilities,8,0.6844008264462811,50.0,0.6886668526209317,0.6841850189062265,8,,
P2a,p2a_probabilities,probabilities,9,0.6248708677685951,50.0,0.6901334753403296,0.6889281777235178,9,,
P2b,p2b_complex_amplitudes,complex_amplitudes,1,0.8675103305785125,77.27272727272727,0.5353515038123497,0.4612900683513054,21,,
P2b,p2b_complex_amplitudes,complex_amplitudes,10,0.7940340909090909,70.45454545454545,0.5793270620015951,0.4759294711626493,11,,
P2b,p2b_complex_amplitudes,complex_amplitudes,2,0.856017561983471,81.81818181818183,0.5855924850473038,0.489659825196633,15,,
P2b,p2b_complex_amplitudes,complex_amplitudes,3,0.8681559917355371,76.13636363636364,0.5890510927026088,0.45345370127604556,19,,
P2b,p2b_complex_amplitudes,complex_amplitudes,4,0.8254132231404958,67.04545454545455,0.5658000341974772,0.47375319783504194,14,,
P2b,p2b_complex_amplitudes,complex_amplitudes,5,0.8680268595041323,78.4090909090909,0.5707209533223739,0.44987712227381194,18,,
P2b,p2b_complex_amplitudes,complex_amplitudes,6,0.8443956611570248,77.27272727272727,0.5390902567368288,0.47956380248069763,13,,
P2b,p2b_complex_amplitudes,complex_amplitudes,7,0.8693181818181818,79.54545454545455,0.5518580968563374,0.4895287729226626,7,,
P2b,p2b_complex_amplitudes,complex_amplitudes,8,0.8205061983471074,75.56818181818183,0.5658974544360087,0.4465169929541074,14,,
P2b,p2b_complex_amplitudes,complex_amplitudes,9,0.8109504132231405,72.72727272727273,0.5523882242349478,0.47320374617209804,10,,
P2c,p2c_pauli_expectations,pauli,1,0.7170712809917356,64.77272727272727,0.6284937964035915,0.5591709705499502,25,,
P2c,p2c_pauli_expectations,pauli,10,0.5809659090909091,52.27272727272727,0.6732652863630881,0.5930751768442301,15,,
P2c,p2c_pauli_expectations,pauli,2,0.8292871900826445,73.86363636363636,0.6927391331929427,0.6549089046624991,13,,
P2c,p2c_pauli_expectations,pauli,3,0.5539772727272727,50.0,0.6718513385607646,0.6458752843049856,13,,
P2c,p2c_pauli_expectations,pauli,4,0.7449638429752066,69.31818181818183,0.6623620257927821,0.5353568356770736,24,,
P2c,p2c_pauli_expectations,pauli,5,0.7333419421487604,60.79545454545454,0.6795972954768401,0.6418385093028729,15,,
P2c,p2c_pauli_expectations,pauli,6,0.8517561983471074,72.72727272727273,0.6661667931538362,0.5513163506984711,24,,
P2c,p2c_pauli_expectations,pauli,7,0.6791064049586777,61.93181818181818,0.6698055900060214,0.6546104917159448,9,,
P2c,p2c_pauli_expectations,pauli,8,0.8193440082644627,72.72727272727273,0.6573096715486967,0.5412139663329492,24,,
P2c,p2c_pauli_expectations,pauli,9,0.802815082644628,57.95454545454546,0.6796374009205745,0.6088590805347149,25,,
P2d,p2d_density_matrix_amp_damp_0.01,amp_damp_0.01,1,0.8669938016528925,80.11363636363636,0.5380459019197867,0.4818534885461514,14,amp_damp,0.01
P2d,p2d_density_matrix_amp_damp_0.01,amp_damp_0.01,10,0.8631198347107437,80.68181818181817,0.5396726881082241,0.45997204918127793,9,amp_damp,0.01
P2d,p2d_density_matrix_amp_damp_0.01,amp_damp_0.01,2,0.8583419421487604,82.38636363636364,0.5473283572838856,0.46665439238915074,12,amp_damp,0.01
P2d,p2d_density_matrix_amp_damp_0.01,amp_damp_0.01,3,0.8507231404958677,78.97727272727273,0.5601997625369292,0.45216335126986873,16,amp_damp,0.01
P2d,p2d_density_matrix_amp_damp_0.01,amp_damp_0.01,4,0.8810692148760331,80.68181818181817,0.551720703794406,0.4890276205081206,11,amp_damp,0.01
P2d,p2d_density_matrix_amp_damp_0.01,amp_damp_0.01,5,0.8615702479338844,75.0,0.5671693713619159,0.4772161394357681,12,amp_damp,0.01
P2d,p2d_density_matrix_amp_damp_0.01,amp_damp_0.01,6,0.8295454545454546,73.29545454545455,0.5286198617174075,0.4796079397201538,18,amp_damp,0.01
P2d,p2d_density_matrix_amp_damp_0.01,amp_damp_0.01,7,0.8579545454545454,80.68181818181817,0.5682407192312754,0.4655381509890923,10,amp_damp,0.01
P2d,p2d_density_matrix_amp_damp_0.01,amp_damp_0.01,8,0.8616993801652894,78.97727272727273,0.5389113598144971,0.4661945356772496,17,amp_damp,0.01
P2d,p2d_density_matrix_amp_damp_0.01,amp_damp_0.01,9,0.8703512396694215,81.25,0.5140059963441812,0.4262498445235766,15,amp_damp,0.01
P2d,p2d_density_matrix_amp_damp_0.03,amp_damp_0.03,1,0.8374225206611571,77.8409090909091,0.5385475056102642,0.5013507891159791,9,amp_damp,0.03
P2d,p2d_density_matrix_amp_damp_0.03,amp_damp_0.03,10,0.8700929752066116,77.8409090909091,0.5674971957619374,0.4822880740349109,9,amp_damp,0.03
P2d,p2d_density_matrix_amp_damp_0.03,amp_damp_0.03,2,0.8818440082644627,79.54545454545455,0.546415590093686,0.5145025963966663,9,amp_damp,0.03
P2d,p2d_density_matrix_amp_damp_0.03,amp_damp_0.03,3,0.8504648760330578,78.97727272727273,0.5544155340928297,0.48413893580436707,7,amp_damp,0.03
P2d,p2d_density_matrix_amp_damp_0.03,amp_damp_0.03,4,0.8513688016528925,80.68181818181817,0.5518395578631988,0.4937560695868272,8,amp_damp,0.03
P2d,p2d_density_matrix_amp_damp_0.03,amp_damp_0.03,5,0.8587293388429752,77.8409090909091,0.52341769945163,0.47414153814315796,19,amp_damp,0.03
P2d,p2d_density_matrix_amp_damp_0.03,amp_damp_0.03,6,0.8632489669421488,76.70454545454545,0.5510600120975421,0.49469148424955517,10,amp_damp,0.03
P2d,p2d_density_matrix_amp_damp_0.03,amp_damp_0.03,7,0.8389721074380165,77.27272727272727,0.5326819701836659,0.4680727319075511,13,amp_damp,0.03
P2d,p2d_density_matrix_amp_damp_0.03,amp_damp_0.03,8,0.8673811983471074,75.56818181818183,0.5910569615088976,0.46667150809214664,6,amp_damp,0.03
P2d,p2d_density_matrix_amp_damp_0.03,amp_damp_0.03,9,0.8796487603305785,80.68181818181817,0.5753606838675646,0.4676382541656494,14,amp_damp,0.03
P2d,p2d_density_matrix_amp_damp_0.05,amp_damp_0.05,1,0.8739669421487604,81.81818181818183,0.5464293129742146,0.45066959926715267,13,amp_damp,0.05
P2d,p2d_density_matrix_amp_damp_0.05,amp_damp_0.05,10,0.8711260330578513,80.68181818181817,0.5888751032260748,0.5203122851940302,10,amp_damp,0.05
P2d,p2d_density_matrix_amp_damp_0.05,amp_damp_0.05,2,0.8823605371900826,81.81818181818183,0.5180598778220323,0.4793642140351809,21,amp_damp,0.05
P2d,p2d_density_matrix_amp_damp_0.05,amp_damp_0.05,3,0.837551652892562,77.8409090909091,0.5048705738897507,0.4333626410135856,22,amp_damp,0.05
P2d,p2d_density_matrix_amp_damp_0.05,amp_damp_0.05,4,0.8762913223140495,82.95454545454545,0.5524199418723583,0.45816675974772525,16,amp_damp,0.05
P2d,p2d_density_matrix_amp_damp_0.05,amp_damp_0.05,5,0.8894628099173554,81.25,0.5574715927243232,0.4515816317154811,12,amp_damp,0.05
P2d,p2d_density_matrix_amp_damp_0.05,amp_damp_0.05,6,0.8589876033057852,75.0,0.5493880710922755,0.4482446565077855,13,amp_damp,0.05
P2d,p2d_density_matrix_amp_damp_0.05,amp_damp_0.05,7,0.878099173553719,78.4090909090909,0.5637776367939435,0.46846665556614214,19,amp_damp,0.05
P2d,p2d_density_matrix_amp_damp_0.05,amp_damp_0.05,8,0.871900826446281,78.97727272727273,0.5574728840818772,0.4690940941755588,16,amp_damp,0.05
P2d,p2d_density_matrix_amp_damp_0.05,amp_damp_0.05,9,0.862603305785124,77.27272727272727,0.5508136949860133,0.45368171769839066,9,amp_damp,0.05
P2d,p2d_density_matrix_amp_damp_0.1,amp_damp_0.1,1,0.8842975206611571,79.54545454545455,0.5784752489855656,0.4462399184703827,13,amp_damp,0.1
P2d,p2d_density_matrix_amp_damp_0.1,amp_damp_0.1,10,0.8552427685950413,78.4090909090909,0.5375682703577556,0.4571591065480159,19,amp_damp,0.1
P2d,p2d_density_matrix_amp_damp_0.1,amp_damp_0.1,2,0.8629907024793388,81.25,0.5702799529983447,0.46841640770435333,20,amp_damp,0.1
P2d,p2d_density_matrix_amp_damp_0.1,amp_damp_0.1,3,0.8762913223140495,80.11363636363636,0.5458131858935723,0.4924696408785306,10,amp_damp,0.1
P2d,p2d_density_matrix_amp_damp_0.1,amp_damp_0.1,4,0.8702221074380166,79.54545454545455,0.5954792843415186,0.48780532066638654,13,amp_damp,0.1
P2d,p2d_density_matrix_amp_damp_0.1,amp_damp_0.1,5,0.8505940082644629,76.70454545454545,0.48546590220469693,0.455159896841416,19,amp_damp,0.1
P2d,p2d_density_matrix_amp_damp_0.1,amp_damp_0.1,6,0.8808109504132231,82.95454545454545,0.5742275959024062,0.46244292648938984,18,amp_damp,0.1
P2d,p2d_density_matrix_amp_damp_0.1,amp_damp_0.1,7,0.8549845041322314,73.29545454545455,0.5422513124461358,0.46076450783472794,16,amp_damp,0.1
P2d,p2d_density_matrix_amp_damp_0.1,amp_damp_0.1,8,0.8459452479338843,76.70454545454545,0.5697414207916993,0.5033164459925431,10,amp_damp,0.1
P2d,p2d_density_matrix_amp_damp_0.1,amp_damp_0.1,9,0.8653150826446281,82.38636363636364,0.5925285740540578,0.5133982082972159,8,amp_damp,0.1
P2d,p2d_density_matrix_amp_damp_0.2,amp_damp_0.2,1,0.8948863636363636,80.68181818181817,0.5266454359659782,0.4833008027993716,11,amp_damp,0.2
P2d,p2d_density_matrix_amp_damp_0.2,amp_damp_0.2,10,0.8783574380165289,77.8409090909091,0.5261784358666494,0.489005195406767,12,amp_damp,0.2
P2d,p2d_density_matrix_amp_damp_0.2,amp_damp_0.2,2,0.8853305785123966,83.52272727272727,0.575294749553387,0.4813890984425178,16,amp_damp,0.2
P2d,p2d_density_matrix_amp_damp_0.2,amp_damp_0.2,3,0.8591167355371901,78.97727272727273,0.5927082999394491,0.4993220693789996,15,amp_damp,0.2
P2d,p2d_density_matrix_amp_damp_0.2,amp_damp_0.2,4,0.8357438016528925,76.70454545454545,0.5271461858199193,0.4860688711588199,24,amp_damp,0.2
P2d,p2d_density_matrix_amp_damp_0.2,amp_damp_0.2,5,0.8557592975206612,82.38636363636364,0.6365022815190828,0.529328119296294,10,amp_damp,0.2
P2d,p2d_density_matrix_amp_damp_0.2,amp_damp_0.2,6,0.8901084710743802,82.38636363636364,0.5720067795652609,0.4717660156580118,22,amp_damp,0.2
P2d,p2d_density_matrix_amp_damp_0.2,amp_damp_0.2,7,0.8562758264462811,81.25,0.6109475422364015,0.4719570462520306,9,amp_damp,0.2
P2d,p2d_density_matrix_amp_damp_0.2,amp_damp_0.2,8,0.8193440082644629,70.45454545454545,0.5792826627309505,0.4783022036919227,18,amp_damp,0.2
P2d,p2d_density_matrix_amp_damp_0.2,amp_damp_0.2,9,0.8658316115702479,71.02272727272727,0.5628138364507602,0.4723001649746528,9,amp_damp,0.2
P2d,p2d_density_matrix_amp_damp_0.3,amp_damp_0.3,1,0.8613119834710744,75.56818181818183,0.5747648848937108,0.5018376364157751,14,amp_damp,0.3
P2d,p2d_density_matrix_amp_damp_0.3,amp_damp_0.3,10,0.8684142561983471,78.97727272727273,0.5536486320770704,0.528402376633424,19,amp_damp,0.3
P2d,p2d_density_matrix_amp_damp_0.3,amp_damp_0.3,2,0.8637654958677686,81.25,0.566201168184097,0.49305518659261555,15,amp_damp,0.3
P2d,p2d_density_matrix_amp_damp_0.3,amp_damp_0.3,3,0.8787448347107438,79.54545454545455,0.5739276122588378,0.47913361054200393,14,amp_damp,0.3
P2d,p2d_density_matrix_amp_damp_0.3,amp_damp_0.3,4,0.8676394628099173,78.4090909090909,0.5458315433217928,0.4844635289448958,25,amp_damp,0.3
P2d,p2d_density_matrix_amp_damp_0.3,amp_damp_0.3,5,0.8450413223140495,73.29545454545455,0.5653507631558639,0.5170042170928075,10,amp_damp,0.3
P2d,p2d_density_matrix_amp_damp_0.3,amp_damp_0.3,6,0.8569214876033057,80.11363636363636,0.560527225297231,0.5154639826371119,9,amp_damp,0.3
P2d,p2d_density_matrix_amp_damp_0.3,amp_damp_0.3,7,0.868155991735537,80.68181818181817,0.5914696138638716,0.5002532349183009,16,amp_damp,0.3
P2d,p2d_density_matrix_amp_damp_0.3,amp_damp_0.3,8,0.8552427685950413,79.54545454545455,0.5900312705681874,0.5007433203550485,12,amp_damp,0.3
P2d,p2d_density_matrix_amp_damp_0.3,amp_damp_0.3,9,0.874870867768595,77.8409090909091,0.5979531057752095,0.5159909656414619,18,amp_damp,0.3
P2d,p2d_density_matrix_bit_flip_0.01,bit_flip_0.01,1,0.8837809917355371,84.6590909090909,0.5694761836184905,0.4573557606110206,15,bit_flip,0.01
P2d,p2d_density_matrix_bit_flip_0.01,bit_flip_0.01,10,0.871513429752066,81.25,0.5922580007177133,0.4787258803844452,10,bit_flip,0.01
P2d,p2d_density_matrix_bit_flip_0.01,bit_flip_0.01,2,0.8443956611570248,77.8409090909091,0.5378362033802729,0.47678865836216855,13,bit_flip,0.01
P2d,p2d_density_matrix_bit_flip_0.01,bit_flip_0.01,3,0.868672520661157,78.4090909090909,0.5425804367432228,0.4721761758510883,9,bit_flip,0.01
P2d,p2d_density_matrix_bit_flip_0.01,bit_flip_0.01,4,0.8247675619834711,76.13636363636364,0.5815677553415298,0.45651978942064136,13,bit_flip,0.01
P2d,p2d_density_matrix_bit_flip_0.01,bit_flip_0.01,5,0.8624741735537189,80.11363636363636,0.5498072265432431,0.47402524145749897,17,bit_flip,0.01
P2d,p2d_density_matrix_bit_flip_0.01,bit_flip_0.01,6,0.8366477272727273,77.8409090909091,0.5915420187207369,0.4942302600695537,11,bit_flip,0.01
P2d,p2d_density_matrix_bit_flip_0.01,bit_flip_0.01,7,0.8203770661157026,74.43181818181817,0.5448078197355454,0.4767002360178874,25,bit_flip,0.01
P2d,p2d_density_matrix_bit_flip_0.01,bit_flip_0.01,8,0.8299328512396693,73.29545454545455,0.5458977255683679,0.5114177224727777,16,bit_flip,0.01
P2d,p2d_density_matrix_bit_flip_0.01,bit_flip_0.01,9,0.8613119834710744,78.97727272727273,0.5360490198318775,0.4545828023782143,11,bit_flip,0.01
P2d,p2d_density_matrix_bit_flip_0.03,bit_flip_0.03,1,0.8721590909090909,82.38636363636364,0.6013604762462469,0.5125646476562207,6,bit_flip,0.03
P2d,p2d_density_matrix_bit_flip_0.03,bit_flip_0.03,10,0.8788739669421487,78.97727272727273,0.5830646297106377,0.4766369484938108,15,bit_flip,0.03
P2d,p2d_density_matrix_bit_flip_0.03,bit_flip_0.03,2,0.8440082644628099,72.1590909090909,0.5574612600299028,0.5301910753433521,6,bit_flip,0.03
P2d,p2d_density_matrix_bit_flip_0.03,bit_flip_0.03,3,0.8662190082644627,80.11363636363636,0.5515928157820151,0.48130470972794753,12,bit_flip,0.03
P2d,p2d_density_matrix_bit_flip_0.03,bit_flip_0.03,4,0.8496900826446281,76.13636363636364,0.5548635236345805,0.5055796607182577,12,bit_flip,0.03
P2d,p2d_density_matrix_bit_flip_0.03,bit_flip_0.03,5,0.8699638429752067,55.68181818181818,0.5645604820205615,0.4625213077435127,17,bit_flip,0.03
P2d,p2d_density_matrix_bit_flip_0.03,bit_flip_0.03,6,0.8857179752066116,81.81818181818183,0.5571277156472206,0.45885379153948563,9,bit_flip,0.03
P2d,p2d_density_matrix_bit_flip_0.03,bit_flip_0.03,7,0.8472365702479338,80.11363636363636,0.552514934195922,0.4858123270364908,7,bit_flip,0.03
P2d,p2d_density_matrix_bit_flip_0.03,bit_flip_0.03,8,0.8760330578512397,77.8409090909091,0.5526988356159284,0.4806597771552893,13,bit_flip,0.03
P2d,p2d_density_matrix_bit_flip_0.03,bit_flip_0.03,9,0.884426652892562,81.25,0.5436441576251617,0.4693982440691728,13,bit_flip,0.03
P2d,p2d_density_matrix_bit_flip_0.05,bit_flip_0.05,1,0.8598915289256197,78.97727272727273,0.5547936566747151,0.4844317069420448,11,bit_flip,0.05
P2d,p2d_density_matrix_bit_flip_0.05,bit_flip_0.05,10,0.8556301652892563,76.13636363636364,0.5593273520469666,0.4783368500379416,9,bit_flip,0.05
P2d,p2d_density_matrix_bit_flip_0.05,bit_flip_0.05,2,0.8070764462809917,72.72727272727273,0.5914396938223105,0.49428227085333604,9,bit_flip,0.05
P2d,p2d_density_matrix_bit_flip_0.05,bit_flip_0.05,3,0.8600206611570248,74.43181818181817,0.5526210671434035,0.5009879928368789,14,bit_flip,0.05
P2d,p2d_density_matrix_bit_flip_0.05,bit_flip_0.05,4,0.815599173553719,52.84090909090909,0.5743375559265796,0.4717925924521226,25,bit_flip,0.05
P2d,p2d_density_matrix_bit_flip_0.05,bit_flip_0.05,5,0.8498192148760331,81.25,0.5374159791148626,0.47526928094717175,15,bit_flip,0.05
P2d,p2d_density_matrix_bit_flip_0.05,bit_flip_0.05,6,0.8477530991735537,81.81818181818183,0.5963049886318353,0.5060532482770773,7,bit_flip,0.05
P2d,p2d_density_matrix_bit_flip_0.05,bit_flip_0.05,7,0.8383264462809917,77.27272727272727,0.6375048121580711,0.5104013314613929,10,bit_flip,0.05
P2d,p2d_density_matrix_bit_flip_0.05,bit_flip_0.05,8,0.8482696280991736,79.54545454545455,0.5871190950274467,0.4826955268016228,13,bit_flip,0.05
P2d,p2d_density_matrix_bit_flip_0.05,bit_flip_0.05,9,0.8616993801652894,78.97727272727273,0.5493255441578535,0.4817007550826439,15,bit_flip,0.05
P2d,p2d_density_matrix_bit_flip_0.1,bit_flip_0.1,1,0.8380681818181818,76.70454545454545,0.5742940004055317,0.49901577486441684,15,bit_flip,0.1
P2d,p2d_density_matrix_bit_flip_0.1,bit_flip_0.1,10,0.8743543388429752,80.11363636363636,0.5683115941973833,0.47348371606606704,15,bit_flip,0.1
P2d,p2d_density_matrix_bit_flip_0.1,bit_flip_0.1,2,0.881327479338843,78.97727272727273,0.5765430961663907,0.4962354417030628,13,bit_flip,0.1
P2d,p2d_density_matrix_bit_flip_0.1,bit_flip_0.1,3,0.5,50.0,0.6935436290044051,0.5932217767605414,7,bit_flip,0.1
P2d,p2d_density_matrix_bit_flip_0.1,bit_flip_0.1,4,0.8487861570247934,75.56818181818183,0.5677724473751509,0.49341408564494205,18,bit_flip,0.1
P2d,p2d_density_matrix_bit_flip_0.1,bit_flip_0.1,5,0.8747417355371901,80.68181818181817,0.5289473107801034,0.47687928493206316,24,bit_flip,0.1
P2d,p2d_density_matrix_bit_flip_0.1,bit_flip_0.1,6,0.8646694214876033,69.88636363636364,0.6338688414830428,0.5911042117155515,6,bit_flip,0.1
P2d,p2d_density_matrix_bit_flip_0.1,bit_flip_0.1,7,0.8582128099173554,80.11363636363636,0.5554441814239208,0.46512590692593503,14,bit_flip,0.1
P2d,p2d_density_matrix_bit_flip_0.1,bit_flip_0.1,8,0.8638946280991736,80.11363636363636,0.5990568812076862,0.5065351105653323,15,bit_flip,0.1
P2d,p2d_density_matrix_bit_flip_0.1,bit_flip_0.1,9,0.8480113636363635,76.13636363636364,0.5671028799735582,0.4909580292610022,14,bit_flip,0.1
P2d,p2d_density_matrix_bit_flip_0.2,bit_flip_0.2,1,0.893724173553719,81.25,0.5507259656603519,0.44666388860115636,23,bit_flip,0.2
P2d,p2d_density_matrix_bit_flip_0.2,bit_flip_0.2,10,0.8580836776859503,78.4090909090909,0.5870827667988263,0.4915578800898332,20,bit_flip,0.2
P2d,p2d_density_matrix_bit_flip_0.2,bit_flip_0.2,2,0.5,50.0,0.6933464880173023,0.6931472145594083,20,bit_flip,0.2
P2d,p2d_density_matrix_bit_flip_0.2,bit_flip_0.2,3,0.48863636363636365,50.0,0.6933609490211193,0.688135027885437,12,bit_flip,0.2
P2d,p2d_density_matrix_bit_flip_0.2,bit_flip_0.2,4,0.8516270661157025,78.97727272727273,0.5273508001978581,0.4836133110981721,16,bit_flip,0.2
P2d,p2d_density_matrix_bit_flip_0.2,bit_flip_0.2,5,0.5056818181818181,50.0,0.6935454950882838,0.6874188964183514,9,bit_flip,0.2
P2d,p2d_density_matrix_bit_flip_0.2,bit_flip_0.2,6,0.8586002066115703,69.31818181818183,0.554756122139784,0.5295677379919932,16,bit_flip,0.2
P2d,p2d_density_matrix_bit_flip_0.2,bit_flip_0.2,7,0.5,50.0,0.6933578000618861,0.5840923281816336,11,bit_flip,0.2
P2d,p2d_density_matrix_bit_flip_0.2,bit_flip_0.2,8,0.8236053719008265,76.13636363636364,0.5606159128821813,0.452517779973837,25,bit_flip,0.2
P2d,p2d_density_matrix_bit_flip_0.2,bit_flip_0.2,9,0.5,50.0,0.6933236140471238,0.6931471549547635,7,bit_flip,0.2
P2d,p2d_density_matrix_bit_flip_0.3,bit_flip_0.3,1,0.8709969008264463,78.4090909090909,0.5396499818334213,0.4577969324130278,16,bit_flip,0.3
P2d,p2d_density_matrix_bit_flip_0.3,bit_flip_0.3,10,0.8979855371900826,82.95454545454545,0.5248087791296152,0.4584762133084811,14,bit_flip,0.3
P2d,p2d_density_matrix_bit_flip_0.3,bit_flip_0.3,2,0.762138429752066,63.63636363636363,0.65550564458737,0.6190619927186233,8,bit_flip,0.3
P2d,p2d_density_matrix_bit_flip_0.3,bit_flip_0.3,3,0.659607438016529,50.0,0.6916698790513552,0.6856679228635935,8,bit_flip,0.3
P2d,p2d_density_matrix_bit_flip_0.3,bit_flip_0.3,4,0.8443956611570247,77.27272727272727,0.5829278331536513,0.5293439076497004,12,bit_flip,0.3
P2d,p2d_density_matrix_bit_flip_0.3,bit_flip_0.3,5,0.5,50.0,0.6932805817860823,0.6931471824645996,15,bit_flip,0.3
P2d,p2d_density_matrix_bit_flip_0.3,bit_flip_0.3,6,0.812629132231405,76.13636363636364,0.6495893831436451,0.5518973011236924,25,bit_flip,0.3
P2d,p2d_density_matrix_bit_flip_0.3,bit_flip_0.3,7,0.8633780991735537,81.81818181818183,0.5662331802340654,0.4756355858766116,14,bit_flip,0.3
P2d,p2d_density_matrix_bit_flip_0.3,bit_flip_0.3,8,0.5,50.0,0.6933020211183107,0.6889420747756958,6,bit_flip,0.3
P2d,p2d_density_matrix_bit_flip_0.3,bit_flip_0.3,9,0.5,50.0,0.6932928470464853,0.6931472420692444,12,bit_flip,0.3
P2d,p2d_density_matrix_depol_0.01,depol_0.01,1,0.8743543388429752,80.68181818181817,0.5544264795688483,0.46767526406508225,14,depol,0.01
P2d,p2d_density_matrix_depol_0.01,depol_0.01,10,0.8526601239669421,81.81818181818183,0.5268781098035665,0.48901311365457684,9,depol,0.01
P2d,p2d_density_matrix_depol_0.01,depol_0.01,2,0.8606663223140496,81.81818181818183,0.5593983247876168,0.4695309354708745,8,depol,0.01
P2d,p2d_density_matrix_depol_0.01,depol_0.01,3,0.8628615702479339,79.54545454545455,0.5350289668028171,0.4897846166904156,15,depol,0.01
P2d,p2d_density_matrix_depol_0.01,depol_0.01,4,0.8673811983471075,81.25,0.5392175527146229,0.47228865440075213,9,depol,0.01
P2d,p2d_density_matrix_depol_0.01,depol_0.01,5,0.8681559917355371,80.68181818181817,0.5497103960468219,0.457210334447714,13,depol,0.01
P2d,p2d_density_matrix_depol_0.01,depol_0.01,6,0.8352272727272728,76.13636363636364,0.6195935234427452,0.47115653867904955,19,depol,0.01
P2d,p2d_density_matrix_depol_0.01,depol_0.01,7,0.8797778925619835,78.97727272727273,0.5359566568182065,0.45994210701722366,8,depol,0.01
P2d,p2d_density_matrix_depol_0.01,depol_0.01,8,0.868543388429752,77.8409090909091,0.5739642661351424,0.44694165656199825,18,depol,0.01
P2d,p2d_density_matrix_depol_0.01,depol_0.01,9,0.8611828512396694,78.97727272727273,0.5515787733288912,0.46469994003956133,21,depol,0.01
P2d,p2d_density_matrix_depol_0.03,depol_0.03,1,0.8454287190082646,79.54545454545455,0.5854651438502165,0.4870702303372897,9,depol,0.03
P2d,p2d_density_matrix_depol_0.03,depol_0.03,10,0.8694473140495868,78.97727272727273,0.5510391818789335,0.4976578584084144,12,depol,0.03
P2d,p2d_density_matrix_depol_0.03,depol_0.03,2,0.8272210743801652,70.45454545454545,0.5512430989398406,0.4528265996621205,8,depol,0.03
P2d,p2d_density_matrix_depol_0.03,depol_0.03,3,0.874612603305785,62.5,0.6127929661136408,0.47957292886880726,8,depol,0.03
P2d,p2d_density_matrix_depol_0.03,depol_0.03,4,0.8614411157024794,78.97727272727273,0.542570518874205,0.4530424647606336,19,depol,0.03
P2d,p2d_density_matrix_depol_0.03,depol_0.03,5,0.8640237603305784,80.68181818181817,0.5425511713211353,0.4952839521261362,11,depol,0.03
P2d,p2d_density_matrix_depol_0.03,depol_0.03,6,0.8729338842975206,77.8409090909091,0.5616265206382824,0.4556434681782356,14,depol,0.03
P2d,p2d_density_matrix_depol_0.03,depol_0.03,7,0.8671229338842975,77.27272727272727,0.5380469194971598,0.4432476690182319,20,depol,0.03
P2d,p2d_density_matrix_depol_0.03,depol_0.03,8,0.8735795454545455,80.68181818181817,0.5420957505702972,0.47985515686181873,6,depol,0.03
P2d,p2d_density_matrix_depol_0.03,depol_0.03,9,0.831482438016529,75.0,0.5259099616454198,0.4873235374689102,22,depol,0.03
P2d,p2d_density_matrix_depol_0.05,depol_0.05,1,0.8742252066115703,81.81818181818183,0.6004157378123357,0.49513037961262923,8,depol,0.05
P2d,p2d_density_matrix_depol_0.05,depol_0.05,10,0.8667355371900826,78.97727272727273,0.5671513552849109,0.47370229031030947,15,depol,0.05
P2d,p2d_density_matrix_depol_0.05,depol_0.05,2,0.8534349173553719,77.8409090909091,0.5872268616006925,0.4656075749259729,17,depol,0.05
P2d,p2d_density_matrix_depol_0.05,depol_0.05,3,0.8533057851239669,78.4090909090909,0.5567617634168038,0.46885142761927384,10,depol,0.05
P2d,p2d_density_matrix_depol_0.05,depol_0.05,4,0.8239927685950412,79.54545454545455,0.587109855734385,0.464891995374973,10,depol,0.05
P2d,p2d_density_matrix_depol_0.05,depol_0.05,5,0.8508522727272727,78.97727272727273,0.5263002169819978,0.47334512838950527,14,depol,0.05
P2d,p2d_density_matrix_depol_0.05,depol_0.05,6,0.8520144628099173,77.27272727272727,0.5368421682371542,0.46175790979312015,20,depol,0.05
P2d,p2d_density_matrix_depol_0.05,depol_0.05,7,0.8711260330578512,76.70454545454545,0.5254057554671397,0.4870770504841438,14,depol,0.05
P2d,p2d_density_matrix_depol_0.05,depol_0.05,8,0.8578254132231405,77.8409090909091,0.5828959410007183,0.49726446316792416,8,depol,0.05
P2d,p2d_density_matrix_depol_0.05,depol_0.05,9,0.8556301652892563,77.27272727272727,0.5456722436042932,0.4841676583656898,11,depol,0.05
P2d,p2d_density_matrix_depol_0.1,depol_0.1,1,0.8920454545454545,83.52272727272727,0.5443537310912059,0.47456250053185683,18,depol,0.1
P2d,p2d_density_matrix_depol_0.1,depol_0.1,10,0.8799070247933884,81.81818181818183,0.548871506521335,0.5095844108324784,12,depol,0.1
P2d,p2d_density_matrix_depol_0.1,depol_0.1,2,0.8799070247933884,78.97727272727273,0.5632709567363445,0.49921729931464565,16,depol,0.1
P2d,p2d_density_matrix_depol_0.1,depol_0.1,3,0.8575671487603307,81.81818181818183,0.5839384994827784,0.4792585155138603,16,depol,0.1
P2d,p2d_density_matrix_depol_0.1,depol_0.1,4,0.8680268595041322,77.27272727272727,0.5548116428347735,0.5135462135076523,11,depol,0.1
P2d,p2d_density_matrix_depol_0.1,depol_0.1,5,0.8567923553719008,81.25,0.5594591313829789,0.4519139998234235,13,depol,0.1
P2d,p2d_density_matrix_depol_0.1,depol_0.1,6,0.8611828512396694,81.25,0.5131450985486691,0.48431445543582624,15,depol,0.1
P2d,p2d_density_matrix_depol_0.1,depol_0.1,7,0.8620867768595042,81.81818181818183,0.580903877891027,0.48068052988785964,11,depol,0.1
P2d,p2d_density_matrix_depol_0.1,depol_0.1,8,0.8700929752066114,81.25,0.5418308504498922,0.48397403726210964,14,depol,0.1
P2d,p2d_density_matrix_depol_0.1,depol_0.1,9,0.8677685950413223,82.38636363636364,0.6049814380132235,0.520788291325936,10,depol,0.1
P2d,p2d_density_matrix_depol_0.2,depol_0.2,1,0.8711260330578513,81.81818181818183,0.6232895115247139,0.5017129687162546,20,depol,0.2
P2d,p2d_density_matrix_depol_0.2,depol_0.2,10,0.8380681818181819,67.61363636363636,0.6807988808705256,0.6696159243583679,12,depol,0.2
P2d,p2d_density_matrix_depol_0.2,depol_0.2,2,0.8555010330578512,80.11363636363636,0.5435190552702317,0.49468896709955656,25,depol,0.2
P2d,p2d_density_matrix_depol_0.2,depol_0.2,3,0.847107438016529,82.95454545454545,0.6083882425840085,0.5816727188917307,25,depol,0.2
P2d,p2d_density_matrix_depol_0.2,depol_0.2,4,0.8828770661157025,77.27272727272727,0.584711498939074,0.5016463628182044,16,depol,0.2
P2d,p2d_density_matrix_depol_0.2,depol_0.2,5,0.5,50.0,0.6937977148936345,0.6492920105273907,14,depol,0.2
P2d,p2d_density_matrix_depol_0.2,depol_0.2,6,0.8642820247933884,80.68181818181817,0.5947368741035461,0.5684077785565302,25,depol,0.2
P2d,p2d_density_matrix_depol_0.2,depol_0.2,7,0.865960743801653,81.25,0.6461072362386263,0.6126042031324826,19,depol,0.2
P2d,p2d_density_matrix_depol_0.2,depol_0.2,8,0.5,50.0,0.6934670714231638,0.6799602462695196,7,depol,0.2
P2d,p2d_density_matrix_depol_0.2,depol_0.2,9,0.5,50.0,0.6934212702971239,0.6931472099744357,25,depol,0.2
P2d,p2d_density_matrix_depol_0.3,depol_0.3,1,0.6995738636363636,50.0,0.6928643148679,0.6866121796461252,10,depol,0.3
P2d,p2d_density_matrix_depol_0.3,depol_0.3,10,0.5,50.0,0.6934044113525978,0.6876944578610934,8,depol,0.3
P2d,p2d_density_matrix_depol_0.3,depol_0.3,2,0.5,50.0,0.6933583947328421,0.6931472099744357,16,depol,0.3
P2d,p2d_density_matrix_depol_0.3,depol_0.3,3,0.8299328512396694,50.0,0.6949841105020963,0.6910688602007352,9,depol,0.3
P2d,p2d_density_matrix_depol_0.3,depol_0.3,4,0.5,50.0,0.6934357157120338,0.6931472099744357,14,depol,0.3
P2d,p2d_density_matrix_depol_0.3,depol_0.3,5,0.5,50.0,0.6935075287635509,0.6931472099744357,15,depol,0.3
P2d,p2d_density_matrix_depol_0.3,depol_0.3,6,0.6105371900826446,50.0,0.6934798268171457,0.6885039714666513,10,depol,0.3
P2d,p2d_density_matrix_depol_0.3,depol_0.3,7,0.5,50.0,0.6933446650321667,0.6931472420692444,10,depol,0.3
P2d,p2d_density_matrix_depol_0.3,depol_0.3,8,0.5,50.0,0.6932508697876564,0.6931412678498489,6,depol,0.3
P2d,p2d_density_matrix_depol_0.3,depol_0.3,9,0.5056818181818182,50.0,0.6933254599571228,0.6931471824645996,14,depol,0.3
P3,p3_amp_damp_0.01,amp_damp_0.01,1,0.7590392561983471,72.1590909090909,0.6715014696121215,0.6541498211713938,12,amp_damp,0.01
P3,p3_amp_damp_0.01,amp_damp_0.01,10,0.8336776859504132,74.43181818181817,0.6751044323811164,0.6606036745584928,6,amp_damp,0.01
P3,p3_amp_damp_0.01,amp_damp_0.01,2,0.7997159090909092,68.75,0.6784534660669473,0.6589511953867399,9,amp_damp,0.01
P3,p3_amp_damp_0.01,amp_damp_0.01,3,0.7259814049586777,64.77272727272727,0.6857207793455857,0.662261962890625,11,amp_damp,0.01
P3,p3_amp_damp_0.01,amp_damp_0.01,4,0.8012654958677687,72.1590909090909,0.6720301165030553,0.6527129411697388,8,amp_damp,0.01
P3,p3_amp_damp_0.01,amp_damp_0.01,5,0.8513688016528926,80.11363636363636,0.6712182425535642,0.6530353381083562,9,amp_damp,0.01
P3,p3_amp_damp_0.01,amp_damp_0.01,6,0.7363119834710744,64.77272727272727,0.6725225975880256,0.6692033914419321,10,amp_damp,0.01
P3,p3_amp_damp_0.01,amp_damp_0.01,7,0.7129390495867769,66.47727272727273,0.6784776398768791,0.6598133582335252,6,amp_damp,0.01
P3,p3_amp_damp_0.01,amp_damp_0.01,8,0.7908057851239669,71.5909090909091,0.677617780978863,0.6651359429726234,10,amp_damp,0.01
P3,p3_amp_damp_0.01,amp_damp_0.01,9,0.8398760330578513,71.02272727272727,0.6727911605284764,0.6580722102752099,9,amp_damp,0.01
P3,p3_amp_damp_0.03,amp_damp_0.03,1,0.8300619834710743,71.02272727272727,0.6820344691093151,0.6601985555428725,11,amp_damp,0.03
P3,p3_amp_damp_0.03,amp_damp_0.03,10,0.7445764462809917,67.61363636363636,0.6740462211462167,0.6677474287840036,15,amp_damp,0.03
P3,p3_amp_damp_0.03,amp_damp_0.03,2,0.8513688016528925,75.56818181818183,0.6731904584627885,0.6634420660825876,10,amp_damp,0.03
P3,p3_amp_damp_0.03,amp_damp_0.03,3,0.7010588842975206,57.38636363636363,0.6744042923817268,0.6608024789736822,17,amp_damp,0.03
P3,p3_amp_damp_0.03,amp_damp_0.03,4,0.7776342975206612,69.88636363636364,0.6751564525640927,0.6643660939656771,9,amp_damp,0.03
P3,p3_amp_damp_0.03,amp_damp_0.03,5,0.7818956611570249,63.63636363636363,0.6776107733066266,0.6657704802659842,14,amp_damp,0.03
P3,p3_amp_damp_0.03,amp_damp_0.03,6,0.7711776859504131,68.75,0.6820024829644423,0.6625295189710764,14,amp_damp,0.03
P3,p3_amp_damp_0.03,amp_damp_0.03,7,0.8104338842975206,76.70454545454545,0.6764488719976866,0.6605802178382874,6,amp_damp,0.03
P3,p3_amp_damp_0.03,amp_damp_0.03,8,0.809400826446281,67.61363636363636,0.6743673104506273,0.6619381171006423,7,amp_damp,0.03
P3,p3_amp_damp_0.03,amp_damp_0.03,9,0.8867510330578513,72.1590909090909,0.6759558407159952,0.672340608560122,12,amp_damp,0.03
P3,p3_amp_damp_0.05,amp_damp_0.05,1,0.8699638429752067,76.13636363636364,0.6774395571305202,0.6679576727060171,8,amp_damp,0.05
P3,p3_amp_damp_0.05,amp_damp_0.05,10,0.6415289256198348,55.11363636363637,0.6796454681799962,0.666752929870899,6,amp_damp,0.05
P3,p3_amp_damp_0.05,amp_damp_0.05,2,0.7797004132231405,75.56818181818183,0.6835770960037525,0.662390832717602,8,amp_damp,0.05
P3,p3_amp_damp_0.05,amp_damp_0.05,3,0.6432076446280991,54.54545454545454,0.677952204300807,0.6689021449822646,7,amp_damp,0.05
P3,p3_amp_damp_0.05,amp_damp_0.05,4,0.7129390495867768,61.36363636363637,0.681839041526501,0.6599077169711773,6,amp_damp,0.05
P3,p3_amp_damp_0.05,amp_damp_0.05,5,0.7487086776859504,57.95454545454546,0.6813021054634681,0.6706492946698115,9,amp_damp,0.05
P3,p3_amp_damp_0.05,amp_damp_0.05,6,0.7909994834710744,55.11363636363637,0.6842841982841492,0.6695035696029663,6,amp_damp,0.05
P3,p3_amp_damp_0.05,amp_damp_0.05,7,0.878228305785124,66.47727272727273,0.6829365863249852,0.6675164011808542,13,amp_damp,0.05
P3,p3_amp_damp_0.05,amp_damp_0.05,8,0.831095041322314,53.97727272727273,0.6800306434814747,0.6656215145037725,10,amp_damp,0.05
P3,p3_amp_damp_0.05,amp_damp_0.05,9,0.8258006198347108,58.52272727272727,0.6815432475163387,0.6664504271287185,7,amp_damp,0.05
P3,p3_amp_damp_0.1,amp_damp_0.1,1,0.571668388429752,50.0,0.6900790297068082,0.6744065422278184,19,amp_damp,0.1
P3,p3_amp_damp_0.1,amp_damp_0.1,10,0.8109504132231404,50.0,0.6914091972204355,0.6810453121478741,13,amp_damp,0.1
P3,p3_amp_damp_0.1,amp_damp_0.1,2,0.515495867768595,50.0,0.6853886251266186,0.680508200938885,16,amp_damp,0.1
P3,p3_amp_damp_0.1,amp_damp_0.1,3,0.7870609504132232,50.0,0.6842246995522425,0.674155015211839,19,amp_damp,0.1
P3,p3_amp_damp_0.1,amp_damp_0.1,4,0.5600464876033057,50.0,0.6967313115413373,0.6809842357268701,8,amp_damp,0.1
P3,p3_amp_damp_0.1,amp_damp_0.1,5,0.6107954545454546,50.0,0.687860081746028,0.6748221929256732,12,amp_damp,0.1
P3,p3_amp_damp_0.1,amp_damp_0.1,6,0.8115960743801652,50.0,0.6877295837952541,0.6729595065116882,11,amp_damp,0.1
P3,p3_amp_damp_0.1,amp_damp_0.1,7,0.6884039256198347,50.0,0.6944173918320582,0.6797524415529691,9,amp_damp,0.1
P3,p3_amp_damp_0.1,amp_damp_0.1,8,0.7494834710743801,50.0,0.692968120941749,0.6793813888843243,10,amp_damp,0.1
P3,p3_amp_damp_0.1,amp_damp_0.1,9,0.7879648760330579,50.0,0.6867494120047642,0.6805111949260418,9,amp_damp,0.1
P3,p3_amp_damp_0.2,amp_damp_0.2,1,0.5635330578512396,51.70454545454546,0.6941290782048152,0.6902860448910639,8,amp_damp,0.2
P3,p3_amp_damp_0.2,amp_damp_0.2,2,0.4748192148760331,53.97727272727273,0.7014425011781545,0.695283463368049,8,amp_damp,0.2
P3,p3_bit_flip_0.01,bit_flip_0.01,1,0.7667871900826445,70.45454545454545,0.6742198045437152,0.6544735431671143,15,bit_flip,0.01
P3,p3_bit_flip_0.01,bit_flip_0.01,10,0.7829287190082644,73.29545454545455,0.6763761204022628,0.6631394853958716,15,bit_flip,0.01
P3,p3_bit_flip_0.01,bit_flip_0.01,2,0.853047520661157,78.97727272727273,0.6809307194673098,0.6649077213727511,8,bit_flip,0.01
P3,p3_bit_flip_0.01,bit_flip_0.01,3,0.7766012396694215,74.43181818181817,0.682616771184481,0.6716858102725103,8,bit_flip,0.01
P3,p3_bit_flip_0.01,bit_flip_0.01,4,0.6275826446280991,55.11363636363637,0.6787915917543265,0.6639521672175481,10,bit_flip,0.01
P3,p3_bit_flip_0.01,bit_flip_0.01,5,0.7692407024793388,51.13636363636363,0.6757196641885317,0.6604539797856257,6,bit_flip,0.01
P3,p3_bit_flip_0.01,bit_flip_0.01,6,0.7848657024793388,70.45454545454545,0.6798392020739041,0.662761587363023,15,bit_flip,0.01
P3,p3_bit_flip_0.01,bit_flip_0.01,7,0.7607179752066116,68.75,0.6713632652392754,0.6581619702852689,7,bit_flip,0.01
P3,p3_bit_flip_0.01,bit_flip_0.01,8,0.7348915289256198,70.45454545454545,0.6725931685704452,0.6704969451977656,9,bit_flip,0.01
P3,p3_bit_flip_0.01,bit_flip_0.01,9,0.8547262396694215,82.38636363636364,0.6740284910568825,0.6601615502284124,23,bit_flip,0.01
P3,p3_bit_flip_0.03,bit_flip_0.03,1,0.8808109504132231,81.25,0.6774103448941158,0.6602398707316472,7,bit_flip,0.03
P3,p3_bit_flip_0.03,bit_flip_0.03,10,0.8331611570247934,70.45454545454545,0.6827954847079057,0.6700507677518405,15,bit_flip,0.03
P3,p3_bit_flip_0.03,bit_flip_0.03,2,0.7102272727272726,67.61363636363636,0.6891671244914715,0.6717848915320176,10,bit_flip,0.03
P3,p3_bit_flip_0.03,bit_flip_0.03,3,0.6859504132231404,65.9090909090909,0.6822480284250699,0.6698698172202477,7,bit_flip,0.03
P3,p3_bit_flip_0.03,bit_flip_0.03,4,0.7827995867768595,73.29545454545455,0.6780464841769291,0.664184203514686,7,bit_flip,0.03
P3,p3_bit_flip_0.03,bit_flip_0.03,5,0.7760847107438016,72.1590909090909,0.6777652887197642,0.6655628497783954,11,bit_flip,0.03
P3,p3_bit_flip_0.03,bit_flip_0.03,6,0.818440082644628,61.93181818181818,0.6774987019025362,0.6623066572042612,6,bit_flip,0.03
P3,p3_bit_flip_0.03,bit_flip_0.03,7,0.6430785123966941,57.95454545454546,0.6848451486000648,0.6706406565812918,11,bit_flip,0.03
P3,p3_bit_flip_0.03,bit_flip_0.03,8,0.784220041322314,72.1590909090909,0.6858491778373719,0.6685372086671683,11,bit_flip,0.03
P3,p3_bit_flip_0.03,bit_flip_0.03,9,0.5471332644628099,44.88636363636363,0.6946623508746808,0.6626377105712891,18,bit_flip,0.03
P3,p3_bit_flip_0.05,bit_flip_0.05,1,0.7909349173553718,73.29545454545455,0.683706914461576,0.6717855380131648,6,bit_flip,0.05
P3,p3_bit_flip_0.05,bit_flip_0.05,10,0.7800878099173555,67.04545454545455,0.6785350162249345,0.6672616371741662,9,bit_flip,0.05
P3,p3_bit_flip_0.05,bit_flip_0.05,2,0.7710485537190083,72.72727272727273,0.6800209004145402,0.6678183720662043,21,bit_flip,0.05
P3,p3_bit_flip_0.05,bit_flip_0.05,3,0.7990702479338844,76.70454545454545,0.6734496423831353,0.6703656132404621,9,bit_flip,0.05
P3,p3_bit_flip_0.05,bit_flip_0.05,4,0.8543388429752066,77.8409090909091,0.6851238227807559,0.6642483106026282,23,bit_flip,0.05
P3,p3_bit_flip_0.05,bit_flip_0.05,5,0.8125000000000001,73.86363636363636,0.6812827976850363,0.6648355218080374,9,bit_flip,0.05
P3,p3_bit_flip_0.05,bit_flip_0.05,6,0.6739411157024792,52.84090909090909,0.6885312080383301,0.6684957284193772,15,bit_flip,0.05
P3,p3_bit_flip_0.05,bit_flip_0.05,7,0.728047520661157,66.47727272727273,0.684940362893618,0.6683769684571487,8,bit_flip,0.05
P3,p3_bit_flip_0.05,bit_flip_0.05,8,0.49677169421487594,47.159090909090914,0.6864502659210792,0.6691268590780405,9,bit_flip,0.05
P3,p3_bit_flip_0.05,bit_flip_0.05,9,0.7475464876033058,68.18181818181817,0.681095861013119,0.6732350541995122,8,bit_flip,0.05
P3,p3_bit_flip_0.1,bit_flip_0.1,1,0.8122417355371901,65.3409090909091,0.6862299767824319,0.6797458621171805,6,bit_flip,0.1
P3,p3_bit_flip_0.1,bit_flip_0.1,2,0.7456095041322315,68.18181818181817,0.6858139785436483,0.6772284782849826,14,bit_flip,0.1
P3,p3_bit_flip_0.1,bit_flip_0.1,3,0.7718233471074379,51.13636363636363,0.6830793243188125,0.6777822237748367,10,bit_flip,0.1
P3,p3_bit_flip_0.1,bit_flip_0.1,4,0.7321797520661156,66.47727272727273,0.6874307499482082,0.6799615621566772,8,bit_flip,0.1
P3,p3_bit_flip_0.1,bit_flip_0.1,5,0.8788739669421488,77.8409090909091,0.6853259623050689,0.6739675173392663,10,bit_flip,0.1
P3,p3_bit_flip_0.1,bit_flip_0.1,6,0.7693698347107438,62.5,0.6836683218295757,0.6722890001076919,25,bit_flip,0.1
P3,p3_bit_flip_0.1,bit_flip_0.1,7,0.6234504132231404,56.81818181818182,0.6950329409195827,0.6780394453268784,9,bit_flip,0.1
P3,p3_bit_flip_0.1,bit_flip_0.1,8,0.6787190082644627,63.06818181818182,0.6890857384755061,0.6810103425612817,7,bit_flip,0.1
P3,p3_depol_0.01,depol_0.01,1,0.7373450413223139,69.31818181818183,0.6794074984697195,0.6653478283148545,6,depol,0.01
P3,p3_depol_0.01,depol_0.01,10,0.7954545454545454,68.75,0.6774156024822822,0.6629019975662231,6,depol,0.01
P3,p3_depol_0.01,depol_0.01,2,0.6341683884297521,55.68181818181818,0.6876787800055284,0.6572435589937063,17,depol,0.01
P3,p3_depol_0.01,depol_0.01,3,0.7048037190082644,59.09090909090909,0.6717006866748516,0.663389618580158,9,depol,0.01
P3,p3_depol_0.01,depol_0.01,4,0.8181818181818181,75.56818181818183,0.6765827600772564,0.6570053925881019,9,depol,0.01
P3,p3_depol_0.01,depol_0.01,5,0.7640754132231404,71.02272727272727,0.6752668596231021,0.652027230996352,17,depol,0.01
P3,p3_depol_0.01,depol_0.01,6,0.8685433884297521,78.97727272727273,0.6723212787738213,0.6644969078210684,9,depol,0.01
P3,p3_depol_0.01,depol_0.01,7,0.825154958677686,73.29545454545455,0.6837687804148748,0.669625291457543,8,depol,0.01
P3,p3_depol_0.01,depol_0.01,8,0.8143078512396695,73.29545454545455,0.6746858225418971,0.6609768317295954,8,depol,0.01
P3,p3_depol_0.01,depol_0.01,9,0.7812500000000001,76.13636363636364,0.671846153644415,0.6622332609616793,9,depol,0.01
P3,p3_depol_0.03,depol_0.03,1,0.7326962809917357,66.47727272727273,0.6789545150903555,0.6747991121732272,6,depol,0.03
P3,p3_depol_0.03,depol_0.03,10,0.8220557851239668,73.29545454545455,0.6805147290229797,0.6685423530065097,10,depol,0.03
P3,p3_depol_0.03,depol_0.03,2,0.7797004132231405,69.31818181818183,0.6787816386956435,0.6671565633553725,8,depol,0.03
P3,p3_depol_0.03,depol_0.03,3,0.6318440082644627,59.09090909090909,0.6857194556639745,0.6671505341163049,8,depol,0.03
P3,p3_depol_0.03,depol_0.03,4,0.7532283057851239,63.06818181818182,0.6917340874671936,0.6689300674658555,13,depol,0.03
P3,p3_depol_0.03,depol_0.03,5,0.7085485537190083,63.63636363636363,0.6808164711181934,0.67163812655669,12,depol,0.03
P3,p3_depol_0.03,depol_0.03,6,0.8032024793388429,75.56818181818183,0.6765031727460714,0.6692822346320519,13,depol,0.03
P3,p3_depol_0.03,depol_0.03,7,0.8135330578512397,74.43181818181817,0.6793037964747503,0.6676055697294382,12,depol,0.03
P3,p3_depol_0.03,depol_0.03,8,0.7984245867768596,76.70454545454545,0.6726666620144477,0.673591659619258,7,depol,0.03
P3,p3_depol_0.03,depol_0.03,9,0.7753099173553719,76.70454545454545,0.6750172110704276,0.660622436266679,14,depol,0.03
P3,p3_depol_0.05,depol_0.05,1,0.8526601239669421,77.27272727272727,0.678049800487665,0.6794965954927298,6,depol,0.05
P3,p3_depol_0.05,depol_0.05,10,0.8106921487603306,76.13636363636364,0.6794548745338733,0.6718510481027457,6,depol,0.05
P3,p3_depol_0.05,depol_0.05,2,0.7294679752066117,68.18181818181817,0.6861466146432437,0.6757153547727145,12,depol,0.05
P3,p3_depol_0.05,depol_0.05,3,0.7510330578512397,57.38636363636363,0.6833835280858553,0.6746832132339478,10,depol,0.05
P3,p3_depol_0.05,depol_0.05,4,0.7990702479338844,70.45454545454545,0.6830651920575362,0.6724094519248376,10,depol,0.05
P3,p3_depol_0.05,depol_0.05,5,0.8079803719008265,76.13636363636364,0.6792290829695188,0.6724920593775235,11,depol,0.05
P3,p3_depol_0.05,depol_0.05,6,0.7763429752066114,72.72727272727273,0.6819094396554507,0.6735117435455322,11,depol,0.05
P3,p3_depol_0.05,depol_0.05,7,0.8002324380165289,74.43181818181817,0.6859614555652325,0.6704687751256503,18,depol,0.05
P3,p3_depol_0.05,depol_0.05,8,0.846720041322314,78.97727272727273,0.6826763469439286,0.6745627660017747,6,depol,0.05
P3,p3_depol_0.05,depol_0.05,9,0.6623192148760331,57.95454545454546,0.6869551988748404,0.6787172464224008,10,depol,0.05
P3,p3_depol_0.1,depol_0.1,1,0.875,77.8409090909091,0.6878350487122169,0.6805698550664462,6,depol,0.1
P3,p3_depol_0.1,depol_0.1,10,0.8023631198347108,76.70454545454545,0.6865809018795307,0.6800653705230126,8,depol,0.1
P3,p3_depol_0.1,depol_0.1,2,0.5271177685950414,51.13636363636363,0.6886894203149355,0.6817376705316397,12,depol,0.1
P3,p3_depol_0.1,depol_0.1,3,0.7135847107438016,67.04545454545455,0.6877125469537881,0.6832744433329656,9,depol,0.1
P3,p3_depol_0.1,depol_0.1,4,0.8330320247933884,77.8409090909091,0.6872020460092104,0.6817430532895602,19,depol,0.1
P3,p3_depol_0.1,depol_0.1,5,0.8480113636363635,75.56818181818183,0.68610113629928,0.6837499141693115,6,depol,0.1
P3,p3_depol_0.1,depol_0.1,6,0.6580578512396694,63.06818181818182,0.689500722518334,0.6834885019522446,11,depol,0.1
P3,p3_depol_0.1,depol_0.1,7,0.7485795454545454,70.45454545454545,0.6919111907482147,0.679931062918443,10,depol,0.1
P3,p3_depol_0.1,depol_0.1,8,0.834452479338843,77.8409090909091,0.6870163023471832,0.6857288342255813,6,depol,0.1
P3,p3_depol_0.1,depol_0.1,9,0.7250774793388429,60.79545454545454,0.6898213216891655,0.6840951855366046,14,depol,0.1
P3,p3_depol_0.2,depol_0.2,1,0.871900826446281,76.70454545454545,0.6918933497025417,0.6903644754336431,11,depol,0.2
P3,p3_depol_0.2,depol_0.2,2,0.7409607438016529,65.9090909090909,0.6922259206955249,0.6914708247551551,12,depol,0.2
P3,p3_no_noise,no_noise,1,0.8057851239669421,73.86363636363636,0.6747498218829815,0.6527217443172748,7,,
P3,p3_no_noise,no_noise,10,0.8403925619834711,75.0,0.6708216396661905,0.6618195634621841,10,,
P3,p3_no_noise,no_noise,2,0.778279958677686,71.02272727272727,0.6712412751637973,0.6568378714414743,6,,
P3,p3_no_noise,no_noise,3,0.7918388429752067,75.56818181818183,0.6642955229832576,0.648022147325369,14,,
P3,p3_no_noise,no_noise,4,0.6771694214876033,57.38636363636363,0.6813800004812387,0.6641517419081467,7,,
P3,p3_no_noise,no_noise,5,0.7527117768595041,73.86363636363636,0.6748797627595755,0.6602319066341107,7,,
P3,p3_no_noise,no_noise,6,0.8419421487603307,68.18181818181817,0.6731132085506732,0.6535131518657391,10,,
P3,p3_no_noise,no_noise,7,0.8007489669421488,72.72727272727273,0.6694467544555665,0.6576472566677973,16,,
P3,p3_no_noise,no_noise,8,0.6797520661157025,61.93181818181818,0.6903298866290313,0.6582138446661142,8,,
P3,p3_no_noise,no_noise,9,0.8555010330578513,80.68181818181817,0.6713486387179448,0.6584439185949472,15,,
